Comment,Designator,Footprint,LCSC
"Battery","BT1,BT2,BT3","Swadge_Parts:2460",""
"1μF","C1,C4,C5,C6,C8,C11,C17,C19,C24","Swadge_Parts:C_0603_1608Metric","C15849"
"22μF","C2,C7,C12,C20,C22","Swadge_Parts:C_0603_1608Metric","C86295"
"0.1μF","C3,C10,C13,C16,C23,C25","Swadge_Parts:C_0603_1608Metric","C282519"
"4.7nF","C9","Swadge_Parts:C_0603_1608Metric","C53987"
"LC8812B-4020","D1,D2,D3,D4,D5,D6,D7,D8,D9","Swadge_Parts:4020PAD","C7434165"
"D","D10,D12","Swadge_Parts:D_SMA","C22452"
"SP0503BAHT","D11","Swadge_Parts:SOT-143","C2682275"
"SAO","J1","Swadge_Parts:PinSocket_2x03_P2.54mm_Vertical","NOPOP_C92272"
"33uH_500mA","L1","Swadge_Parts:L_1210_3225Metric","C90317"
"2.2uH","L3","Swadge_Parts:L_1008_2520Metric","C216158"
"Buzzer","LS1,LS2","Swadge_Parts:Buzzer_12.5x7.5","C219727"
"Microphone","MK1","Swadge_Parts:INGHAi_MIC_GMI4013S-2C58DB","C529870"
"USB_C_Plug_USB2.0","P1","Swadge_Parts:USB_C_Receptacle_HRO_TYPE-C-31-M-12","C2765186"
"Q_PMOS_GSD","Q1","Swadge_Parts:SOT-23","C2763847"
"10kΩ","R1,R7,R22,R24,R26","Swadge_Parts:R_0603_1608Metric","C25804"
"3.3kΩ","R10,R11","Swadge_Parts:R_0603_1608Metric","C22978"
"33Ω","R2,R4,R8,R13,R14","Swadge_Parts:R_0603_1608Metric","C23140"
"43kΩ","R21,R25","Swadge_Parts:R_0603_1608Metric","C23172"
"5.1kΩ","R27,R28","Swadge_Parts:R_0603_1608Metric","C23186"
"12kΩ","R3","Swadge_Parts:R_0603_1608Metric","C22790"
"10Ω","R5,R23","Swadge_Parts:R_0603_1608Metric","C22859"
"YTS-D003-1A","SW1,SW2,SW3,SW4,SW5,SW6","Swadge_Parts:YTS-D003-1A","C2910918"
"B3FS-4002P","SW7,SW8","Swadge_Parts:B3FS4002P","C2929546"
"SW_SPDT_1825232-1","SW9","Swadge_Parts:1825232-1","C393937"
"ESP32-S2-MINI-1","U1","Swadge_Parts:ESP32-S2-MINI-1","C3013908"
"RB017A1505A","U2","Swadge_Parts:NULL",""
"MT3410","U3","Swadge_Parts:SOT-23-5","C883494"
"RB017A1505A_Connector","U5","Swadge_Parts:HCTL HC-FPC-03-10-15RLTAG","C3012328"
"LSM6DSL","U6","Swadge_Parts:LGA-14_3x2.5mm_P0.5mm_LayoutBorder3x4y","C967633"
"GENERIC_LDO_2.8","U7","Swadge_Parts:SOT-23","C347374"